Id 0,0003,-1,1
Id 1,0004,21600,1
Id 2,0006,31575,13
Id 3,0008,4794,14
Id 4,0010,1285,26
Id 5,0011,8271,12
Id 6,0013,1102,1
Id 7,0016,10480,1
Id 8,0017,9330,12
Id 9,0018,1044,49
Id 10,0019,9785,8
Id 11,0020,20860,32
Id 12,0021,106577,16
Id 13,0022,26596,12
Id 14,0023,25777,12
Id 15,0024,162918,52
Id 16,0025,4919,13
Id 17,0027,88010,20
Id 18,0028,78287,10
Id 19,0029,23289,21
Id 20,0031,6506,21
Id 21,0032,32729,24
Id 22,0033,5327,12
Id 23,0034,13802,13
Id 24,0035,9542,1
Id 25,0036,8922,2
Id 26,0038,36668,33
Id 27,0039,31605,6
Id 28,0040,84168,21
Id 29,0041,37133,21
Id 30,0042,102557,48
Id 31,0043,6969,12
Id 32,0044,1910,32
Id 33,0045,5308,8
Id 34,0046,1231,45
Id 35,0047,372,30
Id 36,0049,807,37
Id 37,0050,16390,6
Id 38,0051,2156,37
Id 39,0052,20958,21
Id 40,0053,14432,40
Id 41,0054,22480,40
Id 42,0055,89423,45
Id 43,0057,17901,30
Id 44,0058,29417,37
Id 45,0059,18122,8
Id 46,0060,13327,12
Id 47,0061,15939,8
Id 48,0062,8028,13
Id 49,0063,116479,27
Id 50,0064,39309,10
Id 51,0065,6830,19
Id 52,0067,5564,24
Id 53,0068,68407,10
Id 54,0069,34316,2
Id 55,0070,34891,2
Id 56,0071,722,47
Id 57,0072,35050,33
Id 58,0073,17484,1
Id 59,0074,101803,25
Id 60,0075,97856,3
Id 61,0076,21058,40
Id 62,0077,25009,50
Id 63,0078,4820,14
Id 64,0079,3311,13
Id 65,0080,3948,1
Id 66,0081,20497,6
Id 67,0082,878858,31
Id 68,0084,3630,21
Id 69,0086,32518,8
Id 70,0088,8631,8
Id 71,0092,138689,51
Id 72,0094,23198,1
Id 73,0097,124076,16
Id 74,0099,21882,13
Id 75,0101,170686,16
Id 76,0102,67613,51
Id 77,0103,153823,7
Id 78,0105,167957,20
Id 79,0106,34410,21
Id 80,0107,61736,37
Id 81,0108,2485,1
Id 82,0110,3964,21
Id 83,0111,36237,10
Id 84,0113,7302,53
Id 85,0114,27834,8
Id 86,0115,18982,8
Id 87,0116,82148,21
Id 88,0117,40106,34
Id 89,0119,40204,30
Id 90,0122,44920,13
Id 91,0123,34952,13
Id 92,0124,13393,6
Id 93,0125,46987,12
Id 94,0126,1698,10
Id 95,0127,7980,12
Id 96,0128,9282,13
Id 97,0129,15835,30
Id 98,0130,34484,2
Id 99,0131,35576,8
Id 100,0132,140864,21
Id 101,0134,195883,52
Id 102,0135,27289,24
Id 103,0136,96091,29
Id 104,0140,13943,1
Id 105,0141,87973,44
Id 106,0142,79521,52
Id 107,0143,12525,13
Id 108,0144,288,52
Id 109,0145,49833,8
Id 110,0146,53017,21
Id 111,0149,32159,8
Id 112,0150,313989,27
Id 113,0151,97989,21
Id 114,0152,37768,8
Id 115,0153,20386,12
Id 116,0154,26502,21
Id 117,0155,5466,24
Id 118,0157,3273,44
Id 119,0158,57158,13
Id 120,0159,10932,15
Id 121,0160,42535,6
Id 122,0161,1905,3
Id 123,0162,27433,12
Id 124,0163,115361,21
Id 125,0164,31016,12
Id 126,0165,458651,31
Id 127,0166,23744,10
Id 128,0167,74947,22
Id 129,0168,43390,48
Id 130,0170,36953,8
Id 131,0171,82431,25
Id 132,0172,4811,32
Id 133,0173,40343,51
Id 134,0175,27063,9
Id 135,0176,81493,10
Id 136,0177,297356,31
Id 137,0178,312219,31
Id 138,0179,17741,10
Id 139,0180,41652,12
Id 140,0181,34297,9
Id 141,0182,40454,52
Id 142,0183,29777,1
Id 143,0184,89992,35
Id 144,0185,267055,20
Id 145,0186,5917,1
Id 146,0187,270944,52
Id 147,0190,20090,12
Id 148,0191,46286,1
Id 149,0192,8892,13
Id 150,0193,37565,33
Id 151,0195,8665,15
Id 152,0196,22849,10
Id 153,0198,10334,14
Id 154,0199,74815,8
Id 155,0201,8555,15
Id 156,0202,218793,31
Id 157,0206,193684,27
Id 158,0207,5548,1
Id 159,0208,7631,24
Id 160,0211,9148,11
Id 161,0212,4972,1
Id 162,0213,123017,11
Id 163,0215,1999,44
Id 164,0216,40216,33
Id 165,0217,53502,33
Id 166,0218,6531,6
Id 167,0219,9620,1
Id 168,0222,532757,20
Id 169,0223,12553,23
Id 170,0224,13236,8
Id 171,0225,81431,21
Id 172,0226,11633,12
Id 173,0227,15972,1
Id 174,0228,7340,1
Id 175,0229,36479,13
Id 176,0231,27611,32
Id 177,0232,1862,36
Id 178,0234,32609,13
Id 179,0235,4118,22
Id 180,0236,30918,33
Id 181,0237,39834,12
Id 182,0238,44126,8
Id 183,0240,8431,15
Id 184,0241,75349,44
Id 185,0242,40234,8
Id 186,0243,341490,31
Id 187,0244,159990,10
Id 188,0245,76320,8
Id 189,0247,14547,8
Id 190,0250,16210,1
Id 191,0254,18883,31
Id 192,0264,13127,12
Id 193,0265,48986,12
Id 194,0266,123233,51
Id 195,0267,16016,8
Id 196,0271,45137,8
Id 197,0273,21723,12
Id 198,0274,798700,31
Id 199,0275,12284,12
Id 200,0276,2596,2
Id 201,0277,6242,46
Id 202,0278,31508,13
Id 203,0279,19542,3
Id 204,0281,7055,12
Id 205,0284,30197,13
Id 206,0285,27775,8
Id 207,0286,8714,1
Id 208,0287,7760,17
Id 209,0289,466596,20
Id 210,0291,-1,1
Id 211,0292,28134,48
Id 212,0293,44789,40
Id 213,0294,36874,8
Id 214,0295,106216,21
Id 215,0296,5125,12
Id 216,0297,9609,10
Id 217,0298,45273,3
Id 218,0299,213221,27
Id 219,0300,30572,5
Id 220,0301,37855,2
Id 221,0303,6630,25
Id 222,0304,123069,27
Id 223,0305,3920,17
Id 224,0309,29702,23
Id 225,0310,26245,35
Id 226,0311,57422,10
Id 227,0312,172766,27
Id 228,0313,5555,47
Id 229,0316,57899,21
Id 230,0317,54389,10
Id 231,0318,121387,21
Id 232,0319,14647,46
Id 233,0320,31468,8
Id 234,0324,119201,11
Id 235,0329,28203,1
Id 236,0330,611597,18
Id 237,0331,7630,1
Id 238,0333,61050,8
Id 239,0334,206293,44
Id 240,0336,23759,6
Id 241,0337,28070,23
Id 242,0339,27772,1
Id 243,0341,141178,52
Id 244,0342,101822,30
Id 245,0343,56451,8
Id 246,0344,94185,51
Id 247,0345,36736,33
Id 248,0349,36501,23
Id 249,0350,5708,46
Id 250,0352,7043,8
Id 251,0353,10827,35
Id 252,0354,880,51
Id 253,0355,2008,53
Id 254,0356,21329,13
Id 255,0357,269171,20
Id 256,0358,16676,13
Id 257,0359,17664,13
Id 258,0360,498199,18
Id 259,0361,4249,37
Id 260,0363,6793,9
Id 261,0366,20206,8
Id 262,0368,3485,19
Id 263,0369,50692,12
Id 264,0370,74825,23
Id 265,0371,9826,12
Id 266,0372,60390,52
Id 267,0373,38089,10
Id 268,0377,33972,1
Id 269,0378,15176,12
Id 270,0379,174003,11
Id 271,0381,74452,8
Id 272,0383,35191,21
Id 273,0386,123989,10
Id 274,0387,210819,30
Id 275,0388,249642,44
Id 276,0390,45784,8
Id 277,0392,1625,28
Id 278,0393,23479,32
Id 279,0394,550,40
Id 280,0395,7074,17
Id 281,0396,74806,51
Id 282,0399,7010,50
Id 283,0400,8201,3
Id 284,0402,5627,2
Id 285,0403,140424,35
Id 286,0405,21708,12
Id 287,0407,3954,3
Id 288,0409,661325,20
Id 289,0410,48741,16
Id 290,0411,119855,18
Id 291,0414,3344,21
Id 292,0415,76493,45
Id 293,0416,11715,12
Id 294,0417,3967,37
Id 295,0418,80839,45
Id 296,0419,2342,33
Id 297,0420,122050,51
Id 298,0422,45627,21
Id 299,0425,308873,52
Id 300,0430,9338,49
Id 301,0436,1891,25
Id 302,0437,112061,45
Id 303,0439,14143,47
Id 304,0440,5394,25
Id 305,0442,39430,24
Id 306,0443,5082,19
Id 307,0444,43112,12
Id 308,0445,3020,34
Id 309,0449,567961,18
Id 310,0450,104306,11
Id 311,0451,85224,25
Id 312,0452,7054,4
Id 313,0454,1352,14
Id 314,0455,5348,1
Id 315,0456,11422,8
Id 316,0457,633523,31
Id 317,0458,178858,21
Id 318,0460,562294,31
Id 319,0461,316666,27
Id 320,0462,34299,23
Id 321,0464,46192,21
Id 322,0465,36041,37
Id 323,0466,78607,25
Id 324,0467,108332,44
Id 325,0468,539,40
Id 326,0469,7928,9
Id 327,0470,20119,7
Id 328,0471,40927,2
Id 329,0472,11027,13
Id 330,0473,44897,24
Id 331,0474,43901,28
Id 332,0475,92369,26
Id 333,0476,16116,23
Id 334,0478,180525,27
Id 335,0479,20990,12
Id 336,0481,4228,19
Id 337,0482,8398,37
Id 338,0483,295890,44
Id 339,0485,34620,33
Id 340,0487,10443,12
Id 341,0488,204740,44
Id 342,0489,23479,21
Id 343,0491,3160,9
Id 344,0494,157745,52
Id 345,0495,40293,21
Id 346,0497,1937,46
Id 347,0498,4276,25
Id 348,0499,2814,21
Id 349,0501,2800,47
Id 350,0505,736600,31
Id 351,0506,7422,1
Id 352,0507,132628,20
Id 353,0509,4767,53
Id 354,0511,97099,45
Id 355,0512,40170,8
Id 356,0514,6716,14
Id 357,0515,20624,13
Id 358,0517,167276,28
Id 359,0518,22869,35
Id 360,0519,45867,31
Id 361,0520,83881,13
Id 362,0521,150822,30
Id 363,0522,30805,33
Id 364,0523,352105,31
Id 365,0524,15918,21
Id 366,0525,177390,20
Id 367,0526,29622,30
Id 368,0527,754,29
Id 369,0529,29795,47
Id 370,0530,565505,18
Id 371,0531,107678,27
Id 372,0536,1509,49
Id 373,0537,96535,50
Id 374,0538,8850,4
Id 375,0540,70569,12
Id 376,0541,86863,13
Id 377,0544,153369,21
Id 378,0545,11637,47
Id 379,0546,32115,7
Id 380,0547,3740,25
Id 381,0551,3022,1
Id 382,0552,55530,30
Id 383,0556,2804,25
Id 384,0560,1744,37
Id 385,0566,28523,6
Id 386,0568,51649,34
Id 387,0569,45580,23
Id 388,0571,16765,8
Id 389,0572,25479,3
Id 390,0574,4794,24
Id 391,0575,13225,8
Id 392,0576,364180,44
Id 393,0577,51046,37
Id 394,0579,36225,37
Id 395,0581,176637,3
Id 396,0582,50572,8
Id 397,0583,279985,31
Id 398,0584,7127,13
Id 399,0585,3705,1
Id 400,0589,76803,26
Id 401,0590,8324,13
Id 402,0591,185134,3
Id 403,0592,20232,23
Id 404,0593,20089,1
Id 405,0595,303792,36
Id 406,0598,87467,25
Id 407,0601,42546,12
Id 408,0602,30380,37
Id 409,0603,53347,3
Id 410,0604,36165,13
Id 411,0605,30027,12
Id 412,0606,187763,24
Id 413,0608,13871,13
Id 414,0610,14470,12
Id 415,0612,24202,11
Id 416,0613,41735,21
Id 417,0614,8264,14
Id 418,0615,37473,25
Id 419,0616,31123,12
Id 420,0617,160780,30
Id 421,0620,3228,3
Id 422,0621,41335,8
Id 423,0622,36842,33
Id 424,0628,109024,11
Id 425,0629,5451,31
Id 426,0633,11091,13
Id 427,0637,501,46
Id 428,0638,9969,50
Id 429,0639,3061,54
Id 430,0640,88316,8
Id 431,0647,16780,13
Id 432,0649,6264,37
Id 433,0653,34303,31
Id 434,0658,33735,35
Id 435,0660,13009,14
Id 436,0661,13614,15
Id 437,0663,10629,15
Id 438,0666,91784,34
Id 439,0669,24928,37
Id 440,0670,39590,24
Id 441,0671,77071,10
Id 442,0672,52083,23
Id 443,0676,210171,30
Id 444,0677,10892,7
Id 445,0679,91773,23
Id 446,0681,32857,6
Id 447,0682,23819,23
Id 448,0683,73337,12
Id 449,0687,43769,21
Id 450,0690,74690,12
Id 451,0692,11599,12
Id 452,0695,25057,2
Id 453,0697,49718,21
Id 454,0698,13498,9
Id 455,0701,14047,48
Id 456,0702,10464,46
Id 457,0704,26049,2
Id 458,0708,8119,14
Id 459,0709,22996,51
Id 460,0710,57332,21
Id 461,0711,2328,27
Id 462,0713,25887,27
Id 463,0714,190841,18
Id 464,0719,3350,8
Id 465,0720,30303,9
Id 466,0721,7750,13
Id 467,0722,7151,29
Id 468,0726,7450,12
Id 469,0731,27543,35
Id 470,0733,1466,44
Id 471,0734,76164,10
Id 472,0737,30079,1
Id 473,0739,59943,50
Id 474,0740,1460,32
Id 475,0746,4116,47
Id 476,0749,27554,34
Id 477,0753,79722,45
Id 478,0757,16347,22
Id 479,0758,9496,22
Id 480,0759,53748,3
Id 481,0760,18405,31
Id 482,0762,5653,24
Id 483,0770,80442,21
Id 484,0771,42579,31
Id 485,0772,19823,12
Id 486,0773,22601,7
Id 487,0775,18633,15
Id 488,0776,27238,23
Id 489,0777,3452,18
Id 490,0779,68723,26
Id 491,0781,73016,50
Id 492,0784,75734,13
Id 493,0785,33419,6
Id 494,0787,156839,16
Id 495,0789,1666,31
Id 496,0790,17602,4
Id 497,0792,69203,32
Id 498,0798,92006,25
Id 499,0801,3664,17
Id 500,0802,366353,20
Id 501,0803,128566,21
Id 502,0806,10517,26
Id 503,0807,2085,29
Id 504,0810,45554,29
Id 505,0813,177314,20
Id 506,0815,51187,10
Id 507,0821,49010,37
Id 508,0825,3714,32
Id 509,0831,10172,13
Id 510,0837,5625,24
Id 511,0843,3117,36
Id 512,0844,14371,21
Id 513,0845,7936,29
Id 514,0853,14680,10
Id 515,0855,6225,10
Id 516,0859,35982,23
Id 517,0864,22502,48
Id 518,0866,160848,31
Id 519,0867,118349,25
Id 520,0868,86147,29
Id 521,0869,47055,13
Id 522,0870,24395,4
Id 523,0871,1243,48
Id 524,0873,2602,25
Id 525,0877,7531,1
Id 526,0878,18675,9
Id 527,0879,75250,32
Id 528,0881,18857,37
Id 529,0882,14805,12
Id 530,0889,120628,52
Id 531,0892,17550,37
Id 532,0894,8539,14
Id 533,0896,190665,35
Id 534,0899,56336,32
Id 535,0902,93458,50
Id 536,0906,36119,30
Id 537,0908,86270,25
Id 538,0910,219251,27
Id 539,0912,90181,11
Id 540,0913,30785,6
Id 541,0915,8536,37
Id 542,0917,144247,52
Id 543,0919,82605,30
Id 544,0922,8970,24
Id 545,0923,7016,1
Id 546,0925,151696,21
Id 547,0926,10289,1
Id 548,0927,12389,22
Id 549,0932,172146,30
Id 550,0933,156275,27
Id 551,0934,145729,20
Id 552,0939,34654,49
Id 553,0940,3596,24
Id 554,0943,8150,12
Id 555,0944,95113,31
Id 556,0945,2901,33
Id 557,0947,18173,50
Id 558,0948,2931,17
Id 559,0950,76825,34
Id 560,0952,4036,23
Id 561,0953,59338,12
Id 562,0954,321189,45
Id 563,0957,8278,29
Id 564,0958,69787,10
Id 565,0959,7512,13
Id 566,0962,33370,3
Id 567,0965,2546,36
Id 568,0966,53662,37
Id 569,0967,45056,50
Id 570,0968,8469,13
Id 571,0975,15296,8
Id 572,0976,26719,21
Id 573,0978,3543,40
Id 574,0980,87327,50
Id 575,0981,86383,47
Id 576,0983,2414,24
Id 577,0989,7668,48
Id 578,0993,53801,31
Id 579,0995,1369,50
Id 580,0996,42958,31
Id 581,1001,255767,45
Id 582,1002,13350,31
Id 583,1004,13833,12
Id 584,1006,50429,13
Id 585,1007,148370,21
Id 586,1008,53806,29
Id 587,1009,45282,21
Id 588,1010,64886,29
Id 589,1016,12561,12
Id 590,1018,23511,24
Id 591,1019,498534,36
Id 592,1022,110401,22
Id 593,1025,4893,2
Id 594,1026,11067,12
Id 595,1027,46610,24
Id 596,1030,75471,29
Id 597,1035,83179,33
Id 598,1037,35824,10
Id 599,1041,5087,1
Id 600,1044,8480,2
Id 601,1047,64126,20
Id 602,1051,28643,21
Id 603,1056,173282,20
Id 604,1060,-1,1
Id 605,1061,53712,8
Id 606,1065,16004,48
Id 607,1066,5514,34
Id 608,1067,1109,18
Id 609,1069,92417,8
Id 610,1071,146021,21
Id 611,1078,131972,10
Id 612,1084,62423,50
Id 613,1089,50683,21
Id 614,1090,9442,12
Id 615,1096,2192,50
Id 616,1098,14485,5
Id 617,1109,74131,31
Id 618,1111,52832,8
Id 619,1112,13772,12
Id 620,1116,5768,13
Id 621,1118,113115,11
Id 622,1119,120233,28
Id 623,1120,35080,24
Id 624,1122,41867,30
Id 625,1124,92172,32
Id 626,1129,123124,50
Id 627,1130,2977,12
Id 628,1131,9999,14
Id 629,1133,137493,50
Id 630,1136,13633,1
Id 631,1140,77387,3
Id 632,1141,51143,35
Id 633,1143,9755,2
Id 634,1145,91843,10
Id 635,1147,78515,21
Id 636,1148,21661,8
Id 637,1149,10063,12
Id 638,1152,82780,21
Id 639,1155,43477,48
Id 640,1159,86620,3
Id 641,1164,160880,21
Id 642,1165,21233,9
Id 643,1166,92005,23
Id 644,1168,9203,15
Id 645,1170,97781,52
Id 646,1172,10819,47
Id 647,1173,310435,31
Id 648,1174,2761,21
Id 649,1175,59079,35
Id 650,1177,95381,21
Id 651,1179,582599,27
Id 652,1185,11596,1
Id 653,1187,87518,10
Id 654,1189,33046,8
Id 655,1191,24014,32
Id 656,1192,48465,3
Id 657,1194,6102,26
Id 658,1195,4546,24
Id 659,1200,37835,12
Id 660,1203,1611,36
Id 661,1205,29169,37
Id 662,1214,81742,25
Id 663,1219,-1,1
Id 664,1221,5729,37
Id 665,1222,14718,12
Id 666,1225,90340,48
Id 667,1226,65496,31
Id 668,1227,3222,40
Id 669,1230,44623,8
Id 670,1238,27292,7
Id 671,1240,30366,13
Id 672,1241,29806,10
Id 673,1242,48100,23
Id 674,1243,969922,31
Id 675,1244,126589,45
Id 676,1245,26437,1
Id 677,1247,5711,13
Id 678,1251,38289,3
Id 679,1252,74111,13
Id 680,1254,21284,48
Id 681,1257,11087,12
Id 682,1258,50964,25
Id 683,1266,65348,8
Id 684,1271,113825,51
Id 685,1274,15760,10
Id 686,1275,143701,11
Id 687,1278,191351,45
Id 688,1279,11192,31
Id 689,1289,256936,18
Id 690,1291,84246,22
Id 691,1292,2278,21
Id 692,1294,135156,21
Id 693,1295,4917,19
Id 694,1296,166444,52
Id 695,1299,8480,11
Id 696,1302,9376,1
Id 697,1303,46980,4
Id 698,1309,43500,9
Id 699,1310,18411,48
Id 700,1315,51707,31
Id 701,1317,62175,11
Id 702,1318,74104,24
Id 703,1324,53798,29
Id 704,1325,46776,11
Id 705,1329,46115,10
Id 706,1332,88454,13
Id 707,1336,12141,22
Id 708,1346,49647,45
Id 709,1347,16730,46
Id 710,1348,27233,2
Id 711,1352,63776,9
Id 712,1353,77791,35
Id 713,1357,162655,45
Id 714,1359,57710,8
Id 715,1360,144149,45
Id 716,1367,76612,11
Id 717,1378,37053,37
Id 718,1380,95658,25
Id 719,1381,9289,19
Id 720,1382,22343,29
Id 721,1389,89262,21
Id 722,1390,37962,9
Id 723,1391,66024,26
Id 724,1394,46484,3
Id 725,1396,20278,31
Id 726,1397,125814,48
Id 727,1400,36128,4
Id 728,1405,12399,48
Id 729,1407,788848,31
Id 730,1408,60310,47
Id 731,1415,36557,5
Id 732,1418,179023,3
Id 733,1420,139595,48
Id 734,1423,29502,50
Id 735,1425,27489,6
Id 736,1427,30288,31
Id 737,1434,1818,53
Id 738,1446,49586,50
Id 739,1460,47912,35
Id 740,1462,12612,13
Id 741,1463,10003,1
Id 742,1465,145306,48
Id 743,1466,30418,29
Id 744,1467,42736,33
Id 745,1469,5917,12
Id 746,1472,55680,10
Id 747,1473,169117,52
Id 748,1476,8349,12
Id 749,1478,28050,37
Id 750,1479,41970,47
Id 751,1480,526605,31
Id 752,1481,68527,32
Id 753,1485,8451,1
Id 754,1486,47642,8
Id 755,1488,50854,13
Id 756,1489,32859,24
Id 757,1491,3292,1
Id 758,1494,90702,25
Id 759,1501,15710,1
Id 760,1508,72406,45
Id 761,1511,110531,32
Id 762,1512,32446,13
Id 763,1513,143701,48
Id 764,1515,5221,1
Id 765,1518,9707,29
Id 766,1520,2011,2
Id 767,1522,3644,22
Id 768,1528,31371,29
Id 769,1530,4846,25
Id 770,1531,218930,31
Id 771,1534,30567,37
Id 772,1536,6640,33
Id 773,1538,11719,1
Id 774,1542,66291,34
Id 775,1545,17908,12
Id 776,1546,1473,24
Id 777,1549,189694,52
Id 778,1550,55207,47
Id 779,1552,13095,12
Id 780,1558,97829,50
Id 781,1560,33496,12
Id 782,1565,21082,8
Id 783,1568,3975,15
Id 784,1571,17526,23
Id 785,1572,9905,47
Id 786,1573,2986,49
Id 787,1581,623080,20
Id 788,1584,105904,24
Id 789,1586,12232,19
Id 790,1592,5551,13
Id 791,1593,9639,14
Id 792,1594,478095,20
Id 793,1595,42292,7
Id 794,1598,56345,23
Id 795,1603,12025,12
Id 796,1605,143006,30
Id 797,1608,13415,12
Id 798,1614,93311,22
Id 799,1615,91904,45
Id 800,1617,35939,37
Id 801,1623,21996,12
Id 802,1629,148921,21
Id 803,1630,17845,15
Id 804,1631,64123,50
Id 805,1634,29882,3
Id 806,1637,4003,14
Id 807,1638,14406,13
Id 808,1655,128706,32
Id 809,1659,114256,30
Id 810,1660,2413,29
Id 811,1663,21020,10
Id 812,1667,85099,50
Id 813,1668,4014,2
Id 814,1669,22031,12
Id 815,1670,155730,36
Id 816,1672,8755,47
Id 817,1673,18667,29
Id 818,1674,9797,2
Id 819,1675,8736,12
Id 820,1676,57076,8
Id 821,1678,4253,19
Id 822,1679,685651,36
Id 823,1689,2457,54
Id 824,1690,4682,14
Id 825,1691,87791,26
Id 826,1699,12128,13
Id 827,1704,133515,21
Id 828,1707,26020,37
Id 829,1711,11433,23
Id 830,1712,22858,23
Id 831,1714,131563,21
Id 832,1719,21486,37
Id 833,1721,10924,4
Id 834,1722,17008,23
Id 835,1723,90438,20
Id 836,1724,62336,12
Id 837,1725,44114,12
Id 838,1726,10099,2
Id 839,1730,24467,29
Id 840,1732,46426,8
Id 841,1733,32358,23
Id 842,1735,34443,21
Id 843,1739,19515,3
Id 844,1741,27810,6
Id 845,1744,8201,6
Id 846,1745,7516,6
Id 847,1746,4812,33
Id 848,1751,2087,40
Id 849,1752,9438,6
Id 850,1753,37698,12
Id 851,1754,4729,33
Id 852,1755,180970,36
Id 853,1758,36266,29
Id 854,1759,4974,15
Id 855,1765,11619,12
Id 856,1768,38397,29
Id 857,1777,96843,11
Id 858,1779,4208,7
Id 859,1780,54272,7
Id 860,1786,2550,40
Id 861,1789,19889,8
Id 862,1798,28523,13
Id 863,1803,9819,12
Id 864,1806,96485,7
Id 865,1809,83454,31
Id 866,1812,8872,22
Id 867,1818,17085,23
Id 868,1822,119198,32
Id 869,1831,191145,3
Id 870,1836,1103,34
Id 871,1839,115282,30
Id 872,1840,130907,32
Id 873,1844,7170,14
Id 874,1849,160159,45
Id 875,1853,10181,47
Id 876,1854,11260,1
Id 877,1855,2115,47
Id 878,1856,32634,2
Id 879,1858,31556,12
Id 880,1862,5654,17
Id 881,1863,22141,12
Id 882,1864,16646,1
Id 883,1865,5517,8
Id 884,1866,10930,13
Id 885,1867,26025,2
Id 886,1868,29022,23
Id 887,1869,17830,13
Id 888,1870,13261,17
Id 889,1871,4427,19
Id 890,1872,7185,1
Id 891,1873,10040,9
Id 892,1875,29672,2
Id 893,1876,31301,13
Id 894,1877,27663,12
Id 895,1878,5573,8
Id 896,1883,6163,47
Id 897,1884,39375,12
Id 898,1885,12767,13
Id 899,1886,18087,13
Id 900,1887,10861,1
Id 901,1888,21110,23
Id 902,1889,9997,13
Id 903,1890,6921,15
Id 904,1891,77423,51
Id 905,1892,16558,1
Id 906,1893,18456,22
Id 907,1897,123291,11
Id 908,1898,141141,35
Id 909,1899,7162,13
Id 910,1900,4432,21
Id 911,1901,3189,34
Id 912,1902,1798,4
Id 913,1903,50310,12
Id 914,1904,1940,51
Id 915,1905,138152,16
Id 916,1906,33261,13
Id 917,1907,5584,17
Id 918,1908,192363,35
Id 919,1909,11461,19
Id 920,1910,23569,1
Id 921,1912,4991,5
Id 922,1914,3574,24
Id 923,1915,20879,12
Id 924,1916,26670,13
Id 925,1917,34306,9
Id 926,1918,162249,35
Id 927,1919,170639,16
Id 928,1920,35836,23
Id 929,1921,25978,32
Id 930,1922,17644,13
Id 931,1923,8446,15
Id 932,1924,20100,13
Id 933,1925,3106,19
Id 934,1926,84657,16
Id 935,1927,21299,12
Id 936,1928,29070,2
Id 937,1929,9343,6
Id 938,1930,9803,21
Id 939,1931,40750,6
Id 940,1936,22541,12
Id 941,1937,25055,13
Id 942,1938,16770,8
Id 943,1939,14947,47
Id 944,1940,-1,1
Id 945,1941,-1,1
Id 946,1942,-1,1
Id 947,1943,-1,1
Id 948,1944,-1,1
Id 949,1945,-1,1
Id 950,1946,-1,1
Id 951,1947,-1,1
Id 952,1948,-1,1
Id 953,1949,-1,1
Id 954,1950,-1,1
Id 955,1951,-1,1
Id 956,1952,-1,1
Id 957,1953,-1,1
Id 958,1954,18495,13
Id 959,1955,74029,37
Id 960,1956,4218,8
Id 961,1957,5849,47
Id 962,1958,32408,12
Id 963,1959,47566,13
Id 964,1960,15929,17
Id 965,1961,58468,12
Id 966,1962,-1,1
Id 967,1963,116805,22
Id 968,1966,27364,2
Id 969,1967,3687,15
Id 970,1968,9783,23
Id 971,1969,3653,2
Id 972,1970,10651,6
Id 973,1971,2347,30
Id 974,1972,12218,19
Id 975,1973,1507,20
Id 976,1974,31656,13
Id 977,1975,166319,11
Id 978,1977,285764,31
Id 979,1978,4322,4
Id 980,1979,62036,22
Id 981,1980,5615,22
Id 982,1981,19047,13
Id 983,1982,8098,15
Id 984,1983,118819,3
Id 985,1985,45955,12
Id 986,1986,23622,12
Id 987,1987,1881,33
Id 988,1988,31918,12
Id 989,1989,70965,12
Id 990,1990,34930,13
Id 991,1991,8535,23
Id 992,1992,40715,24
Id 993,1993,12226,19
Id 994,1994,53407,12
Id 995,1995,-1,1
Id 996,1996,19428,13
Id 997,1997,5853,6
Id 998,1998,8316,2
Id 999,1999,19788,23
Id 1000,2002,74659,22
Id 1001,2003,4959,1
Id 1002,2004,734,49
Id 1003,2005,252,22
Id 1004,2006,2247,44
Id 1005,2007,1395,37
Id 1006,2008,84824,25
Id 1007,2009,1582,47
Id 1008,2010,29234,30
Id 1009,2011,4075,24
Id 1010,2013,3982,21
Id 1011,2015,81319,21
Id 1012,2017,35364,33
Id 1013,2019,1830,3
Id 1014,2020,35492,33
Id 1015,2021,14106,12
Id 1016,2023,13327,12
Id 1017,2024,4976,1
Id 1018,2025,9962,14
Id 1019,2027,105292,11
Id 1020,2028,4518,24
Id 1021,2030,1350,32
Id 1022,2031,7264,9
Id 1023,2033,78903,10
Id 1024,2034,2663,1
Id 1025,2037,2892,19
Id 1026,2038,2354,21
Id 1027,2039,8317,12
Id 1028,2040,12464,1
Id 1029,2041,1189,24
Id 1030,2043,8391,12
Id 1031,2044,1730,50
Id 1032,2045,32953,12
Id 1033,2046,1666,19
Id 1034,2047,18948,12
Id 1035,2048,11358,12
Id 1036,2049,2308,25
Id 1037,2050,19559,8
Id 1038,2051,1910,31
Id 1039,2052,1607,48
Id 1040,2053,8680,1
Id 1041,2054,5284,14
Id 1042,2055,5945,2
Id 1043,2056,10776,14
Id 1044,2057,3214,22
Id 1045,2058,34426,31
Id 1046,2059,12235,13
Id 1047,2061,11173,1
Id 1048,2062,36539,21
Id 1049,2063,51443,34
Id 1050,2064,140096,21
Id 1051,2065,3258,26
Id 1052,2066,49278,12
Id 1053,2067,20306,31
Id 1054,2068,267719,20
Id 1055,2069,18394,8
Id 1056,2070,25666,12
Id 1057,2076,14385,12
Id 1058,2077,8476,1
Id 1059,2078,6479,12
Id 1060,2080,8821,13
Id 1061,2083,54424,13
Id 1062,2084,30930,13
Id 1063,2085,118338,32
Id 1064,2086,7604,15
Id 1065,2087,156841,50
Id 1066,2088,20161,9
Id 1067,2089,103131,48
Id 1068,2090,68486,26
Id 1069,2091,28468,12
Id 1070,2092,1909,45
Id 1071,2093,2601,33
Id 1072,2094,97044,25
Id 1073,2095,2009,46
Id 1074,2096,5995,47
Id 1075,2097,10458,23
Id 1076,2098,191293,3
Id 1077,2099,23123,10
Id 1078,2100,5055,25
Id 1079,2101,32312,7
Id 1080,2102,26136,1
Id 1081,2103,53039,29
Id 1082,2104,10859,12
Id 1083,2105,60205,8
Id 1084,2106,17328,4
Id 1085,2107,39097,12
Id 1086,2108,33220,9
Id 1087,2109,43169,23
Id 1088,2110,4318,33
Id 1089,2111,51631,21
Id 1090,2112,841,27
Id 1091,2116,34932,23
Id 1092,2117,33566,35
Id 1093,2118,20159,12
Id 1094,2119,36399,10
Id 1095,2120,3230,17
Id 1096,2121,1444,21
Id 1097,2122,2275,51
Id 1098,2123,37898,24
Id 1099,2124,8881,13
Id 1100,2125,8432,14
Id 1101,2128,25528,2
Id 1102,2129,8371,15
Id 1103,2130,9859,8
Id 1104,2131,43913,3
Id 1105,2132,8206,1
Id 1106,2133,91221,23
Id 1107,2134,76316,51
Id 1108,2135,191692,35
Id 1109,2136,171698,30
Id 1110,2137,2098,37
Id 1111,2139,29676,2
Id 1112,2140,17800,13
Id 1113,2142,33098,12
Id 1114,2143,194094,52
Id 1115,2144,141537,52
Id 1116,2145,9725,9
Id 1117,2146,6407,17
Id 1118,2147,7923,19
Id 1119,2148,15393,1
Id 1120,2149,26855,13
Id 1121,2150,4981,19
Id 1122,2151,36179,8
Id 1123,2152,5693,32
Id 1124,2153,31847,2
Id 1125,2154,48030,12
Id 1126,2155,16944,1
Id 1127,2156,125390,16
Id 1128,2157,24002,50
Id 1129,2158,13907,13
Id 1130,2159,16729,22
Id 1131,2160,39997,8
Id 1132,2161,21280,13
Id 1133,2162,1686,4
Id 1134,2163,57977,21
Id 1135,2164,17976,13
Id 1136,2165,23882,23
Id 1137,2166,9091,6
Id 1138,2167,10699,13
Id 1139,2168,8305,47
Id 1140,2169,8310,6
Id 1141,2171,87701,26
Id 1142,2172,11361,17
Id 1143,2173,23715,1
Id 1144,2174,8623,8
Id 1145,2175,21134,12
Id 1146,2176,31953,2
Id 1147,2177,37705,9
Id 1148,2178,19390,12
Id 1149,2179,92290,8
Id 1150,2181,71874,12
Id 1151,2182,48383,16
Id 1152,2183,8459,15
Id 1153,2184,10744,6
Id 1154,2185,105887,16
Id 1155,2186,2371,25
Id 1156,2187,20738,13
Id 1157,2188,53674,12
Id 1158,2189,34738,13
Id 1159,2190,20175,23
Id 1160,2265,33013,6
Id 1161,2282,24216,23
Id 1162,2292,33174,9
Id 1163,2294,6853,2
Id 1164,2323,40697,2
Id 1165,2324,30927,12
Id 1166,2340,16384,6
Id 1167,2345,8028,15
Id 1168,2409,5305,1
Id 1169,2410,12748,14
Id 1170,3100,6294,1
Id 1171,3160,4841,53
Id 1172,3613,4687,24
Id 1173,5147,2569,18
Id 1174,5148,1660,36
Id 1175,5149,2569,18
Id 1176,5180,8828,12
Id 1177,5399,788848,31
Id 1178,5534,19115,12
Id 1179,5553,44499,12
Id 1180,5554,13979,13
Id 1181,5556,15610,2
Id 1182,5653,24356,23
Id 1183,5666,1507,20
Id 1184,5668,887,20
Id 1185,5684,2455,1
Id 1186,5685,4806,1
Id 1187,5689,29452,22
Id 1188,5700,10705,6
Id 1189,5703,970589,31
Id 1190,5704,964620,31
Id 1191,5727,4400,19
Id 1192,5730,16341,6
Id 1193,6127,46980,4
Id 1194,6128,45929,4
Id 1195,6129,46659,4
Id 1196,6134,36142,12
Id 1197,6135,14426,6
Id 1198,6136,27448,6
Id 1199,6140,18883,31
Id 1200,6141,18753,31
Id 1201,6147,52639,31
Id 1202,6148,51707,31
Id 1203,6463,1457,29
Id 1204,6981,11990,12
Id 1205,7120,9428,8
Id 1206,7121,6977,8
Id 1207,7122,17852,6
Id 1208,7123,20697,2
Id 1209,7131,18099,2
Id 1210,7362,83099,10
Id 1211,7383,2743,22
Id 1212,7573,28288,23
Id 1213,7574,28502,12
Id 1214,7575,31999,12
Id 1215,7873,11018,47
Id 1216,8009,1371,22
Id 1217,8044,23868,6
Id 1218,8772,798700,31
Id 1219,9331,24357,6
Id 1220,9340,16195,40
Id 1221,9676,38821,12
